<?xml version="1.0" encoding="UTF-8"?>
<project-private xmlns="http://www.netbeans.org/ns/project-private/1">
    <editor-bookmarks xmlns="http://www.netbeans.org/ns/editor-bookmarks/1"/>
    <open-files xmlns="http://www.netbeans.org/ns/projectui-open-files/1">
        <file>file:/C:/Documents%20and%20Settings/ofir/My%20Documents/LWUIT_1_5/apps/LWUITDemo/src/com/sun/lwuit/uidemo/ScrollDemo.java</file>
        <file>file:/C:/Documents%20and%20Settings/ofir/My%20Documents/LWUIT_1_5/apps/LWUITDemo/src/com/sun/lwuit/uidemo/TableDemo.java</file>
        <file>file:/C:/Documents%20and%20Settings/ofir/My%20Documents/LWUIT_1_5/apps/LWUITDemo/src/com/sun/lwuit/uidemo/TreeDemo.java</file>
        <file>file:/C:/Documents%20and%20Settings/ofir/My%20Documents/LWUIT_1_5/apps/LWUITDemo/src/com/sun/lwuit/uidemo/RenderingDemo.java</file>
        <file>file:/C:/Documents%20and%20Settings/ofir/My%20Documents/LWUIT_1_5/apps/LWUITDemo/src/com/sun/lwuit/uidemo/HTMLDemo.java</file>
    </open-files>
</project-private>
